Path_Number,Command_Timeout(s),Num_Iteration,Total_Path_Latency(s),Accuracy,Num_Unique_Msgs,Num_Timeouts,Command_Latency_Metrics
1,0.51,1,92.03959894180298,90.00000000000003,182,119,"[0.5310308933258057, 0.4997730255126953, 0.08241629600524902, 0.44856834411621094, 0.3988149166107178, 0.3991086483001709, 0.032781362533569336, 0.5144522190093994, 0.23318886756896973, 0.2347555160522461, 0.4279978275299072, 0.048715829849243164, 0.0491635799407959, 0.050889015197753906, 0.535010814666748, 0.5660746097564697, 0.5142779350280762, 0.5000548362731934, 0.5363633632659912, 0.5324769020080566, 0.5350384712219238, 0.5001177787780762, 0.46648597717285156, 0.5161876678466797, 0.4165470600128174, 0.5320472717285156, 0.2330639362335205, 0.068084716796875, 0.4391598701477051, 0.5396835803985596, 0.5542874336242676, 0.5858478546142578, 0.5670013427734375, 0.5340020656585693, 0.4168081283569336, 0.03288149833679199, 0.5381274223327637, 0.6114637851715088, 0.5333738327026367, 0.45039820671081543, 0.5326550006866455, 0.5163295269012451, 0.49857139587402344, 0.5323479175567627, 0.5164074897766113, 0.11602616310119629, 0.36577796936035156, 0.015142202377319336, 0.53470778465271, 0.547804594039917, 0.5788114070892334, 0.5790464878082275, 0.5344333648681641, 0.534552812576294, 0.5328414440155029, 0.4831545352935791, 0.5598549842834473, 0.5330791473388672, 0.5331063270568848, 0.5333161354064941, 0.5339095592498779, 0.5335161685943604, 0.4838254451751709, 0.21615242958068848, 0.39519190788269043, 0.3986647129058838, 0.5296835899353027, 0.0825502872467041, 0.5145978927612305, 0.5336639881134033, 0.2830390930175781, 0.38195371627807617, 0.5319347381591797, 0.11599135398864746, 0.3797144889831543, 0.2826836109161377, 0.5335562229156494, 0.19913172721862793, 0.532501220703125, 0.5337862968444824, 0.5337910652160645, 0.5337064266204834, 0.53373122215271, 0.5327610969543457, 0.5323247909545898, 0.14901113510131836, 0.5133466720581055, 0.5334770679473877, 0.5338187217712402, 0.3338930606842041, 0.42865562438964844, 0.3823089599609375, 0.4736945629119873, 0.47487592697143555, 0.5344464778900146, 0.5318939685821533, 0.5335137844085693, 0.5333371162414551, 0.5336277484893799, 0.5358083248138428, 0.5176262855529785, 0.5161833763122559, 0.5165698528289795, 0.332827091217041, 0.5889647006988525, 0.5893447399139404, 0.42127299308776855, 0.5451784133911133, 0.5530543327331543, 0.5329854488372803, 0.5160315036773682, 0.49953436851501465, 0.6303322315216064, 0.5332932472229004, 0.5340378284454346, 0.5342049598693848, 0.5336802005767822, 0.4333465099334717, 0.6154015064239502, 0.4495375156402588, 0.36638903617858887, 0.3983609676361084, 0.3667292594909668, 0.535271406173706, 0.5372083187103271, 0.5319163799285889, 0.5330545902252197, 0.5337600708007812, 0.5519514083862305, 0.5340902805328369, 0.5365939140319824, 0.5296351909637451, 0.534090518951416, 0.5736289024353027, 0.5339727401733398, 0.01557159423828125, 0.5372517108917236, 0.5681502819061279, 0.5341403484344482, 0.5328280925750732, 0.1829671859741211, 0.11654329299926758, 0.1982107162475586, 0.5330395698547363, 0.16678500175476074, -6.890296936035156e-05, 0.6325509548187256, 0.6356942653656006, 0.014284133911132812, 0.5907273292541504, 0.0325624942779541, 0.5314545631408691, 0.5596542358398438, 0.5303914546966553, 0.5333051681518555, 0.5342350006103516, 0.5374069213867188, 0.0512239933013916, 0.525550365447998, 0.5271048545837402, 0.5321035385131836, 0.5169951915740967, 0.5831708908081055, 0.2671186923980713, 0.35604143142700195, 0.37003278732299805, 0.5400032997131348, 0.54343581199646, 0.532238245010376, 0.5326933860778809, 0.5355606079101562, 0.532766580581665, 0.5331945419311523, 0.5153100490570068, 0.43366360664367676, 0.5443236827850342, 0.5311145782470703, 0.4328596591949463, 0.5287454128265381, 0.5158357620239258]"
1,0.94,1,92.73558139801025,90.00000000000003,126,38,"[0.766045331954956, 0.5408008098602295, 0.52836012840271, 0.6789236068725586, 0.712895393371582, 0.5283670425415039, 0.7796995639801025, 0.6324806213378906, 0.9860148429870605, 0.9711551666259766, 0.4493532180786133, 0.625330924987793, 0.8493883609771729, 0.49823927879333496, 0.6989331245422363, 0.966825008392334, 0.5343637466430664, 0.9673929214477539, 0.9328398704528809, 0.49895167350769043, 0.46391797065734863, 0.7994146347045898, 0.23332977294921875, 0.534604549407959, 0.3099684715270996, 0.9669866561889648, 0.9691512584686279, 0.7668666839599609, 0.9687273502349854, 0.5356121063232422, 0.9612298011779785, 0.4498870372772217, 0.4808065891265869, 0.5654504299163818, 0.9322772026062012, 1.0264651775360107, 0.2495880126953125, 0.9149553775787354, 0.45012617111206055, 0.9667017459869385, 0.968264102935791, 0.5168881416320801, 0.8324167728424072, 0.7508533000946045, 0.6314651966094971, 0.8985168933868408, 0.6633815765380859, 1.0097737312316895, 0.8335609436035156, 0.33197927474975586, 0.34892964363098145, 0.33139681816101074, 0.16060757637023926, 0.6632287502288818, 0.6956250667572021, 0.921412467956543, 0.7119541168212891, 0.5453274250030518, 0.9478185176849365, 0.6613993644714355, 0.9648282527923584, 0.6498322486877441, 1.0067477226257324, 0.13211894035339355, 0.9671900272369385, 0.9705862998962402, 0.920320987701416, 0.560983419418335, 0.46227145195007324, 0.627138614654541, 0.5630767345428467, 0.5985696315765381, 0.49866437911987305, 0.9661226272583008, 0.7338705062866211, 0.6946864128112793, 0.9476778507232666, 0.133331298828125, 0.9467759132385254, 0.9630675315856934, 0.5367233753204346, 0.9655239582061768, 0.49842286109924316, 0.6981444358825684, 0.6471190452575684, 0.966148853302002, 0.9504063129425049, 0.9669210910797119, 0.015834808349609375, 1.0187890529632568, 1.0190794467926025, 0.8735628128051758, 0.6153068542480469, 0.9018309116363525, 0.6427240371704102, 0.96543288230896, 0.6324553489685059, 0.9672725200653076, 0.5669825077056885, 0.5821330547332764, 0.545210599899292, 0.5990808010101318, 0.8990836143493652, 0.9621777534484863, 0.6680557727813721, 0.966301679611206, 0.7000644207000732, 0.8498830795288086, 0.8134853839874268, 0.6945505142211914, 0.48360180854797363, 0.9650712013244629, 0.6495211124420166, 0.8155937194824219, 0.23454928398132324, 0.9677493572235107, 0.049834251403808594, 0.9657049179077148, 0.9702739715576172, 0.732464075088501, 0.5172231197357178, 0.8450000286102295, 0.5265984535217285, 0.9654309749603271]"
1,0.45,1,98.72253823280334,90.00000000000003,236,148,"[0.43184471130371094, 0.04923248291015625, 0.5071780681610107, 0.03273272514343262, 0.5570518970489502, 0.5584053993225098, 0.4828312397003174, 0.4845890998840332, 0.4660055637359619, 0.47264575958251953, 0.483839750289917, 0.48439836502075195, 0.48340702056884766, 0.5001440048217773, 0.43300724029541016, 0.4806365966796875, 0.4830892086029053, 0.48406219482421875, 0.48341870307922363, 0.48723268508911133, 0.04954099655151367, 0.06578207015991211, 0.08235955238342285, 0.4885857105255127, 0.5203628540039062, 0.5093178749084473, 0.48307347297668457, 0.46572422981262207, 0.48682332038879395, 0.4824845790863037, 0.4478731155395508, 0.06431937217712402, 0.48175978660583496, 0.4862651824951172, 0.483626127243042, 0.4850633144378662, 0.43445611000061035, 0.41632628440856934, 0.316558837890625, 0.4900634288787842, 0.2817533016204834, 0.42835569381713867, 0.11442136764526367, 0.4813508987426758, 0.06465983390808105, 0.48521971702575684, 0.5232489109039307, 0.4657447338104248, 0.43355703353881836, 0.4696512222290039, 0.0659952163696289, 0.48200273513793945, 0.26528120040893555, 0.16359305381774902, 0.016190528869628906, 0.01740288734436035, 0.0468900203704834, 0.0486454963684082, 0.047788143157958984, 0.044565677642822266, 0.28217554092407227, 0.0001666545867919922, -0.0003325939178466797, 0.08139920234680176, 0.034894704818725586, 0.394026517868042, 0.3958601951599121, 0.39598894119262695, 0.39615678787231445, 0.24964666366577148, 0.4655802249908447, 0.4865381717681885, 0.48678112030029297, 0.18291163444519043, 0.4851508140563965, 0.4898505210876465, 0.4846169948577881, 0.5237560272216797, 0.4876260757446289, 0.48266148567199707, 0.44943690299987793, 0.5156784057617188, 0.4822659492492676, 0.5089161396026611, 0.46619701385498047, 0.4766378402709961, 0.48427700996398926, 0.1653885841369629, 0.3161296844482422, 0.31937074661254883, 0.3202636241912842, 0.5136427879333496, 0.5138447284698486, 0.5183203220367432, 0.482496976852417, 0.513782262802124, 0.05053853988647461, 0.4920344352722168, 0.11411237716674805, 0.480165958404541, 0.526186466217041, 0.46621251106262207, 0.5007064342498779, 0.5115857124328613, 0.46695923805236816, 0.4280538558959961, 0.4826200008392334, 0.46535420417785645, 0.48156237602233887, 0.20017337799072266, 0.1489417552947998, 0.3452286720275879, 0.34720802307128906, 0.47928619384765625, 0.01652359962463379, 0.03349757194519043, 8.463859558105469e-05, 0.343796968460083, 0.5067439079284668, 0.01759958267211914, 0.018683195114135742, 0.5285298824310303, 0.5287508964538574, 0.47745299339294434, 0.4819810390472412, 0.4499475955963135, 0.4326612949371338, 0.2830393314361572, 0.1285381317138672, 0.5251929759979248, 0.06568193435668945, 0.49021482467651367, 0.5221984386444092, 0.4671025276184082, 0.4791533946990967, 0.4881563186645508, 0.4817996025085449, 0.4834740161895752, 0.48490452766418457, 0.5281698703765869, 0.4879434108734131, 0.47646021842956543, 0.4847984313964844, 0.5237035751342773, 0.46544361114501953, 0.5101449489593506, 0.48319411277770996, 0.11445260047912598, 0.4821169376373291, 0.01575326919555664, 0.03182697296142578, 0.0335848331451416, 0.11654472351074219, 0.11801743507385254, 0.4797031879425049, 0.48233723640441895, 0.09337496757507324, 0.4508841037750244, 0.4677858352661133, 0.23296403884887695, 0.482219934463501, 0.483612060546875, 0.4977724552154541, 0.48703837394714355, 0.4155857563018799, 0.08234786987304688, 0.49417591094970703, 0.0324859619140625, 0.4918251037597656, 0.031852006912231445, 0.00022912025451660156, 0.020256519317626953, 0.552654504776001, 0.5529286861419678, 0.47980785369873047, 0.49178385734558105, 0.4162323474884033, 0.49108266830444336, 0.09950113296508789, 0.10239291191101074, 0.4831995964050293, 0.48383259773254395, 0.19931364059448242, 0.440338134765625, 0.0320734977722168, 0.51922607421875, 0.13208580017089844, 0.4625668525695801, 0.39659881591796875, 0.4161703586578369, 0.4777662754058838, 0.5102741718292236, 0.03244280815124512, 0.03172802925109863, 0.033056020736694336, 0.5533461570739746, 0.5537698268890381, 0.4876744747161865, 0.16190719604492188, 0.48004961013793945, 0.5135865211486816, 0.03192853927612305, 0.09886884689331055, 0.06254029273986816, 0.00021147727966308594, 0.4996981620788574, 0.4999270439147949, 0.13202357292175293, 0.0974273681640625, 0.09904742240905762, 0.48047518730163574, 0.4947388172149658, 0.4949607849121094, 0.5072710514068604, 0.014801502227783203, 0.5178415775299072, 0.11645030975341797, 0.5075926780700684, 0.06574320793151855, 0.4986400604248047, 0.016099214553833008, 0.03293418884277344, 0.034224748611450195, 0.5575261116027832, 0.03166389465332031, 0.5251317024230957, 0.13244867324829102, 0.5237069129943848, 0.5240743160247803, 0.03220033645629883, 0.08317828178405762, 0.44604992866516113]"
2,0.94,1,91.1635353565216,90.00000000000003,120,35,"[0.43151283264160156, 0.6023502349853516, 0.4648721218109131, 0.9463210105895996, 0.4832572937011719, 0.9303128719329834, 0.8002164363861084, 0.9494519233703613, 0.8815674781799316, 0.8058245182037354, 0.9488341808319092, 0.7495090961456299, 0.4306938648223877, 0.5318052768707275, 0.5649504661560059, 0.5405066013336182, 0.765622615814209, 0.68198561668396, 0.4990530014038086, 0.94881272315979, 0.9241776466369629, 0.6495261192321777, 0.9637875556945801, 0.9637851715087891, 0.8186986446380615, 0.6035351753234863, 0.8949174880981445, 0.8449249267578125, 0.49947643280029297, 0.5980565547943115, 0.7474987506866455, 0.7494745254516602, 0.6256527900695801, 0.08268022537231445, 0.4979550838470459, 0.5823502540588379, 0.5933837890625, 0.20963597297668457, 0.933161735534668, 0.9558749198913574, 0.748772382736206, 0.6477758884429932, 0.47942662239074707, 0.7323863506317139, 0.8501310348510742, 0.9452512264251709, 0.7834117412567139, 0.9690947532653809, 0.9508078098297119, 0.6166296005249023, 0.766425609588623, 0.8786616325378418, 0.9665932655334473, 0.49910807609558105, 0.5498719215393066, 0.7988278865814209, 0.8195478916168213, 0.9597747325897217, 1.0021681785583496, 0.13302254676818848, 0.9712772369384766, 0.9792129993438721, 0.48296451568603516, 0.8157351016998291, 0.0992581844329834, 0.7153208255767822, 0.7661473751068115, 0.49954795837402344, 0.967531681060791, 0.5656416416168213, 0.7161738872528076, 0.616016149520874, 0.9659595489501953, 0.9663305282592773, 0.7496109008789062, 0.5807008743286133, 0.6321609020233154, 0.7006640434265137, 0.9651491641998291, 0.5520889759063721, 0.8167417049407959, 0.531470537185669, 0.9650723934173584, 0.6995847225189209, 0.9953129291534424, 0.9673714637756348, 0.9678335189819336, 0.8518187999725342, 0.6489465236663818, 0.796349287033081, 0.6501302719116211, 0.8146467208862305, 0.967653751373291, 0.7165582180023193, 0.4938826560974121, 0.6318628787994385, 0.9495639801025391, 1.0189881324768066, 1.0117244720458984, 0.4834871292114258, 0.7789082527160645, 0.6119382381439209, 0.9668107032775879, 0.9669668674468994, 0.8808920383453369, 0.6424918174743652, 0.9668233394622803, 0.816582441329956, 0.9641678333282471, 0.4989919662475586, 0.4607272148132324, 0.8655550479888916, 0.6319699287414551, 0.8811254501342773, 0.41539859771728516, 0.32984423637390137, 0.7656781673431396, 0.014414072036743164, 0.6679039001464844]"
2,0.42,1,107.43538904190063,90.0,330,149,"[0.4626128673553467, 0.03265047073364258, 0.04984402656555176, 0.06969714164733887, 0.44659996032714844, 0.1990058422088623, 0.4393754005432129, 0.08250021934509277, 0.0491178035736084, 0.012987852096557617, 0.15004467964172363, -0.0004088878631591797, 0.0009725093841552734, 0.28231191635131836, 0.4749903678894043, 0.47536420822143555, 0.031520843505859375, 0.447634220123291, 0.18267273902893066, 0.27880263328552246, 0.11592507362365723, 0.14938569068908691, 0.06599044799804688, 0.07181382179260254, 0.42493772506713867, 0.3165159225463867, 0.23300743103027344, 0.30024170875549316, 0.09301495552062988, 0.298886775970459, 0.030637741088867188, 0.03335428237915039, 0.03889036178588867, 0.032053470611572266, 0.43263936042785645, 0.43389081954956055, 0.049115657806396484, 0.03030109405517578, -0.0003483295440673828, 0.4336552619934082, 0.4598405361175537, 0.46010398864746094, 0.4784684181213379, 0.01139688491821289, 0.08296942710876465, 0.08409404754638672, 0.49126219749450684, 0.06602835655212402, 0.06611752510070801, 0.015424251556396484, 0.33327531814575195, 0.00012111663818359375, 0.03019261360168457, 0.11459708213806152, 0.24936795234680176, 0.2526388168334961, 0.25495171546936035, 0.44347238540649414, 0.4505443572998047, 0.44918131828308105, 0.4503366947174072, 0.4846804141998291, 0.4330463409423828, 0.44908976554870605, 0.021338701248168945, 0.18274974822998047, 0.23394370079040527, 0.4277639389038086, 0.4503819942474365, 0.24966144561767578, 0.4469916820526123, 0.06648874282836914, 0.47545862197875977, 0.5072176456451416, 0.47206950187683105, 0.4334828853607178, 0.5088765621185303, 0.45545125007629395, 0.44893932342529297, 0.4506855010986328, 0.06571006774902344, 0.4083070755004883, 0.4508359432220459, 0.2998208999633789, 0.33721399307250977, 0.0007929801940917969, 0.3153510093688965, 0.08297991752624512, 0.04717445373535156, 0.02649211883544922, 0.31659936904907227, 0.0302731990814209, 0.0669097900390625, 0.06923818588256836, 0.26048851013183594, 0.4489929676055908, 0.45009493827819824, 0.38071703910827637, 0.18013906478881836, 0.42853331565856934, 0.1647796630859375, 0.2646310329437256, 0.445051908493042, 0.14881396293640137, 0.43179988861083984, 0.47193074226379395, 0.01656055450439453, 0.06616997718811035, 0.04807567596435547, 0.2684793472290039, 0.10907459259033203, 0.10999155044555664, 0.19727396965026855, 0.4486827850341797, 0.4496304988861084, 0.4510226249694824, 0.4493982791900635, 0.45026111602783203, 0.4690060615539551, 0.517509937286377, 0.5147647857666016, 0.06847119331359863, 0.033788204193115234, 0.03598904609680176, 0.021738052368164062, 0.03225421905517578, 0.33771443367004395, -0.0005350112915039062, 0.019049882888793945, 0.15961909294128418, 0.05748558044433594, 0.02216815948486328, 0.024489641189575195, 0.21564769744873047, 0.25110793113708496, 0.04758453369140625, 0.43340110778808594, 0.09679985046386719, 0.03096485137939453, 0.11597204208374023, 0.1557788848876953, 0.011941671371459961, 0.45127105712890625, 0.4565861225128174, 0.45726537704467773, 0.4334695339202881, 0.4503016471862793, 0.4463987350463867, 0.41611385345458984, 0.032129764556884766, 0.04941272735595703, 0.48467135429382324, 0.48491644859313965, 0.4555778503417969, 0.383267879486084, 0.46688389778137207, 0.41673851013183594, 0.433455228805542, 0.11535477638244629, 0.4780876636505127, 0.03297281265258789, 0.13263654708862305, 0.00014853477478027344, 0.39736437797546387, 0.41194868087768555, 0.44536447525024414, 0.5162370204925537, 0.01547551155090332, 0.23229312896728516, 8.726119995117188e-05, 0.44539594650268555, 0.29969358444213867, 0.3342101573944092, 0.046732187271118164, 0.5097506046295166, 0.04960346221923828, 0.05025839805603027, 0.014927387237548828, 0.34984755516052246, 0.3547635078430176, 0.3846104145050049, 0.09676218032836914, 0.44088220596313477, 0.11758971214294434, 0.44985127449035645, 0.24910545349121094, 0.44698238372802734, 0.06622910499572754, 0.030649423599243164, 0.031099319458007812, 0.03257274627685547, 0.03620171546936035, 0.054167985916137695, 0.05537128448486328, 0.06620478630065918, 0.08523774147033691, 0.03245258331298828, 0.013787508010864258, 0.45064854621887207, 0.4584779739379883, 0.45865511894226074, 0.45967531204223633, 0.1325056552886963, 0.01615738868713379, 0.45422863960266113, 0.04953479766845703, 0.05106663703918457, 0.3150463104248047, 0.09830737113952637, 0.06213259696960449, 0.06362748146057129, 0.14888882637023926, 0.18456697463989258, 0.012052536010742188, 0.24797558784484863, 0.01908397674560547, 0.07694435119628906, 0.09774661064147949, 0.01799774169921875, 0.1648402214050293, -0.00026106834411621094, 0.3342711925506592, 0.02922534942626953, 0.41637754440307617, 0.012754440307617188, 0.013820171356201172, 0.01840806007385254, 0.019652843475341797, 0.33286356925964355, 0.3354973793029785, 0.3374009132385254, 0.19459223747253418, 0.4309663772583008, 0.07955574989318848, 0.39565348625183105, 0.31224989891052246, 0.03166985511779785, 0.03831911087036133, 0.11593270301818848, 0.1632235050201416, 0.43199872970581055, 0.16738224029541016, 0.4292171001434326, 0.43810081481933594, 0.43993043899536133, 0.4513673782348633, 0.09407615661621094, 0.08099055290222168, 0.4489481449127197, 0.46169066429138184, 0.052961111068725586, 0.4871492385864258, 0.0646357536315918, 0.44966888427734375, 0.23257207870483398, 0.45099544525146484, 0.23229098320007324, 0.23011398315429688, 0.5075972080230713, 0.5086710453033447, 0.017754316329956055, 0.08196735382080078, -2.574920654296875e-05, 0.14911103248596191, 0.05342388153076172, 0.40897154808044434, 0.0658271312713623, 0.2111072540283203, 0.014376401901245117, 0.24983000755310059, 0.3489201068878174, 0.36704373359680176, 0.36719655990600586, 0.04893684387207031, 7.557868957519531e-05, 0.24870586395263672, 0.2994563579559326, 0.334348201751709, 0.3363652229309082, 0.33649492263793945, 0.36263251304626465, 0.3621516227722168, 0.4452662467956543, 0.13238787651062012, 0.44516491889953613, 0.08058643341064453, 0.44949984550476074, 0.34963178634643555, 0.08964157104492188, 0.5082550048828125, 0.18319034576416016, 0.08273196220397949, 0.08400774002075195, 0.44591569900512695, 0.03259134292602539, 0.01618504524230957, 0.03118276596069336, 0.19894933700561523, 0.012284994125366211, 0.04711723327636719, 0.29723525047302246, 0.4324650764465332, 0.433577299118042, 0.2004554271697998, 0.32377123832702637, 0.4317491054534912, 0.45388007164001465, 0.34677696228027344, 0.49973106384277344, 0.4533226490020752, 0.5218327045440674, 0.5272736549377441, 0.4314155578613281, 0.04991292953491211, 0.08276987075805664, 0.11705565452575684, 0.48688697814941406, 0.19974732398986816, 0.4451255798339844, 0.29931092262268066, 0.43241453170776367, 0.016979694366455078, 0.09636235237121582, 0.01021432876586914, 0.3168809413909912, 0.45126819610595703, 0.45159387588500977]"
2,0.58,1,92.60317349433899,90.0,172,96,"[0.4994943141937256, 0.5997657775878906, 0.5284204483032227, 0.5965061187744141, 0.43294644355773926, 0.5996232032775879, 0.5838487148284912, 0.4841592311859131, 0.5913169384002686, 0.3664968013763428, 0.5641944408416748, 0.11534905433654785, 0.4775850772857666, 0.21598386764526367, 0.21762466430664062, 0.46553468704223633, 0.016345739364624023, 0.6495182514190674, 0.6802113056182861, 0.567392110824585, 0.6006119251251221, 0.6006205081939697, 0.5499057769775391, 0.5999150276184082, 0.5496602058410645, 0.6134870052337646, 0.4836602210998535, 0.5807347297668457, 0.6716775894165039, 0.5992813110351562, 0.41993093490600586, 0.3448445796966553, 0.6086301803588867, 0.06505036354064941, 0.5157856941223145, -0.0011775493621826172, 0.6308085918426514, 0.6310539245605469, 0.5995697975158691, 0.6006677150726318, 0.6019186973571777, 0.6043577194213867, 0.5156826972961426, 0.5983443260192871, 0.5992045402526855, 0.6012046337127686, 0.48276782035827637, 0.6133763790130615, 0.613882303237915, 0.29863977432250977, 0.38275933265686035, 0.5969183444976807, 0.0004820823669433594, 0.6557815074920654, 0.1322774887084961, 0.6063051223754883, 0.11584615707397461, 0.600609540939331, 0.6016569137573242, 0.41719913482666016, 0.5992019176483154, 0.5844464302062988, 0.5004549026489258, 0.48001790046691895, 0.6158444881439209, 0.0995631217956543, 0.5810067653656006, 0.24863696098327637, 0.11661291122436523, -0.0013072490692138672, 0.049713850021362305, 0.05092430114746094, 0.05119490623474121, 0.5820369720458984, 0.6177806854248047, 0.600477933883667, 0.6007869243621826, 0.5839836597442627, 0.5999212265014648, 0.5156097412109375, 0.06475090980529785, 0.6626846790313721, 0.11500287055969238, 0.6010768413543701, 0.6096482276916504, 0.015809297561645508, 0.24678730964660645, 0.2475447654724121, 0.5995948314666748, 0.5166232585906982, 0.615398645401001, 0.13084912300109863, 0.5328388214111328, 0.29871058464050293, 0.5815958976745605, 0.5978584289550781, 0.5836997032165527, 0.5164601802825928, 0.049661874771118164, 0.6117873191833496, 0.6245577335357666, 0.41681742668151855, 0.5457427501678467, 0.5994961261749268, 0.5832235813140869, 0.03170466423034668, 0.6014366149902344, 0.6026527881622314, 0.6582553386688232, 0.3161966800689697, 0.6004045009613037, 0.22633624076843262, 0.5986988544464111, 0.6006193161010742, 0.46585655212402344, 0.5992841720581055, 0.5998568534851074, 0.5616576671600342, 0.5995714664459229, 0.5501737594604492, 0.6006193161010742, 0.6005842685699463, 0.45010972023010254, 0.14896512031555176, 0.5981714725494385, 0.59909987449646, 0.4145214557647705, 0.5648586750030518, 0.5852417945861816, 0.6007120609283447, 0.6004617214202881, 0.6190567016601562, 0.6016850471496582, 0.6019551753997803, 0.5164072513580322, 0.5304124355316162, 0.565385103225708, 0.6150550842285156, 0.6017446517944336, 0.5247988700866699, 0.597947359085083, 0.6048684120178223, 0.5504012107849121, 0.11613678932189941, 0.611536979675293, 0.6128005981445312, 0.5998201370239258, 0.599862813949585, 0.5502378940582275, 0.5988686084747314, 0.6018531322479248, 0.589543342590332, 0.6117074489593506, 0.5498864650726318, 0.6019082069396973, 0.6035592555999756, 0.014612436294555664, 0.5933642387390137, 0.03580451011657715, 0.7613484859466553, 0.025993824005126953, 0.02624821662902832, 0.6062994003295898, 0.6805074214935303, 0.6010768413543701, 0.5173542499542236, 0.43842458724975586, 0.5814995765686035, 0.5840103626251221, 0.4334874153137207]"
3,0.72,1,82.04172897338867,90.0,132,50,"[0.7158584594726562, 0.7432305812835693, 0.7519850730895996, 0.48278260231018066, 0.6320316791534424, 0.09971451759338379, 0.732048511505127, 0.10193300247192383, 0.6497504711151123, 0.6512162685394287, 0.6141147613525391, 0.6660113334655762, 0.2154700756072998, 0.4154634475708008, 0.1649339199066162, 0.742929220199585, 0.16331005096435547, 0.7517342567443848, 0.7519536018371582, 0.06494021415710449, 0.06763863563537598, 0.7446420192718506, 0.7450778484344482, 0.582754373550415, 0.481734037399292, 0.6971747875213623, 0.460770845413208, 0.6669771671295166, 0.7494847774505615, 0.4999682903289795, 0.6157839298248291, 0.24676942825317383, 0.632587194442749, 0.5797076225280762, 0.19886398315429688, 0.4040248394012451, 0.7453694343566895, 0.7459681034088135, 0.7461318969726562, 0.6651632785797119, 0.6178486347198486, 0.7515404224395752, 0.7510485649108887, 0.46668267250061035, 0.7474966049194336, 0.7175099849700928, 0.7509474754333496, 0.664029598236084, 0.23312735557556152, 0.7425839900970459, 0.39865922927856445, 0.3318204879760742, 0.22889375686645508, 0.4301426410675049, 0.2659890651702881, 0.547107458114624, 0.1295454502105713, 0.6272082328796387, 0.6297121047973633, 0.6953439712524414, 0.548417329788208, 0.7325317859649658, 0.6669349670410156, 0.7293117046356201, 0.7254340648651123, 0.5171897411346436, 0.23303556442260742, 0.7509317398071289, 0.5494818687438965, 0.42963624000549316, 0.7497842311859131, 0.7526073455810547, 0.7171471118927002, 0.6329243183135986, 0.5903000831604004, 0.73260498046875, 0.4164085388183594, 0.7501037120819092, 0.46478724479675293, 0.549067497253418, 0.6819915771484375, 0.6438825130462646, 0.08303117752075195, 0.43303680419921875, 0.03106236457824707, 0.7464742660522461, 0.7467269897460938, 0.7468326091766357, 0.7504582405090332, 0.5001115798950195, 0.6171970367431641, 0.5451958179473877, 0.6153419017791748, 0.6461277008056641, 0.734107255935669, 0.7516298294067383, 0.5680997371673584, 0.7284762859344482, 0.7506976127624512, 0.1502399444580078, 0.752448558807373, 0.7613434791564941, 0.6854610443115234, 0.7472913265228271, 0.4679121971130371, 0.5789639949798584, 0.7327301502227783, 0.5666587352752686, 0.7495079040527344, 0.7506322860717773, 0.482405424118042, 0.6619365215301514, 0.7801835536956787, 0.7346751689910889, 0.5194342136383057, 0.5205502510070801, 0.7443380355834961, 0.6838781833648682, 0.596468448638916, 0.7503483295440674, 0.5830428600311279, 0.6148617267608643, 0.7425656318664551, 0.7516660690307617, 0.5999412536621094, 0.5481765270233154, 0.13359427452087402, 0.7539794445037842, 0.6360745429992676]"
3,0.57,1,84.78568887710571,90.00000000000001,164,85,"[0.4317030906677246, 0.5798313617706299, 0.3839118480682373, 0.5126187801361084, 0.5806915760040283, 0.5174047946929932, 0.582026481628418, 0.6026668548583984, 0.5998649597167969, 0.03255343437194824, 0.4161818027496338, 0.41745543479919434, 0.5836553573608398, 0.5853085517883301, 0.5928182601928711, 0.5961744785308838, 0.5997118949890137, 0.6008052825927734, 0.6002819538116455, 0.449660062789917, 0.5983200073242188, 0.5839095115661621, 0.6006052494049072, 0.5841033458709717, 0.44945549964904785, 0.49828314781188965, 0.46823692321777344, 0.460024356842041, 0.5813531875610352, 0.5639419555664062, 0.5651969909667969, 0.5813624858856201, 0.5338239669799805, 0.5829975605010986, 0.44992685317993164, 0.6272509098052979, 0.6099889278411865, 0.4497840404510498, 0.5802197456359863, 0.5827341079711914, 0.46676158905029297, 0.1655740737915039, 0.5689151287078857, 0.5985033512115479, 0.3830552101135254, 0.6094381809234619, 0.047754764556884766, 0.5717899799346924, 0.015032768249511719, 0.6021897792816162, 0.607736349105835, 0.5957446098327637, 0.6015341281890869, 0.4326300621032715, 0.5812904834747314, 0.600567102432251, 0.6009461879730225, 0.600278377532959, 0.5848097801208496, 0.6009674072265625, 0.5838017463684082, 0.4668619632720947, 0.5488381385803223, 0.33154916763305664, 0.31488728523254395, 0.2973513603210449, 0.38201117515563965, 0.19783663749694824, 0.6009600162506104, 0.6049749851226807, 0.5488057136535645, 0.06584620475769043, 0.5982184410095215, 0.5992739200592041, 0.5839149951934814, 0.6045916080474854, 0.6004223823547363, 0.5980861186981201, 0.4668257236480713, 0.6022396087646484, 0.2991816997528076, 0.660170316696167, 0.4996774196624756, 0.5966408252716064, 0.35781383514404297, 0.2115025520324707, 0.4169197082519531, 0.32985877990722656, 0.5988163948059082, 0.31631994247436523, 0.2817964553833008, 0.5461900234222412, 0.08069467544555664, 0.5774908065795898, 0.5946502685546875, 0.5984597206115723, 0.6005861759185791, 0.5836594104766846, 0.5629074573516846, 0.2637977600097656, 0.03487396240234375, 0.013912439346313477, 0.6038086414337158, 0.0654134750366211, 0.10019350051879883, 0.0002536773681640625, 0.016414165496826172, 0.01991415023803711, 0.02020573616027832, 0.5959091186523438, 0.5968329906463623, 0.44861841201782227, 0.0326845645904541, 0.00035119056701660156, 0.0008332729339599609, 0.5823042392730713, 0.6054201126098633, 0.5997395515441895, 0.599684476852417, 0.5664944648742676, 0.49910593032836914, 0.2837393283843994, 0.4334886074066162, 0.4346499443054199, 0.16239094734191895, 0.602752685546875, 0.03258848190307617, 0.015007257461547852, 0.01642465591430664, 0.03304576873779297, 0.033350229263305664, 0.5998644828796387, 0.615117073059082, 0.5838210582733154, 0.4998204708099365, 0.5641047954559326, 0.625554084777832, 0.5155158042907715, 0.03208589553833008, 0.5649054050445557, 0.05159258842468262, 0.029436349868774414, 0.0315403938293457, 0.6810512542724609, 0.6825985908508301, 0.21590209007263184, 0.43212890625, 0.486743688583374, 0.4620954990386963, 0.512031078338623, 0.01687908172607422, 0.5773036479949951, 0.5944764614105225, 0.5501172542572021, 0.5806663036346436, 0.3997683525085449, 0.5320849418640137, 0.5999886989593506, 0.5993633270263672, 0.5663678646087646, 0.5974206924438477, 0.5823061466217041]"
3,0.91,1,75.65578436851501,90.00000000000001,106,29,"[0.48189663887023926, 0.546567440032959, 0.779160737991333, 0.7786076068878174, 0.5604183673858643, 0.8303241729736328, 0.9134278297424316, 0.4495124816894531, 0.5149061679840088, 0.9295063018798828, 0.5162656307220459, 0.7660903930664062, 1.0044422149658203, 0.9148268699645996, 0.5341897010803223, 0.9163281917572021, 0.4183025360107422, 0.5428800582885742, 0.648298978805542, 0.859494686126709, 0.6276912689208984, 0.7994174957275391, 0.9317362308502197, 0.8169398307800293, 0.283113956451416, 0.4288036823272705, 0.5152606964111328, 0.5399980545043945, 0.8645498752593994, 0.8658947944641113, 0.5805790424346924, 0.6462509632110596, 0.6321964263916016, 0.9155275821685791, 0.38274240493774414, 0.6819896697998047, 0.8468608856201172, 0.6582865715026855, 0.9308531284332275, 0.9806735515594482, 1.0007433891296387, 0.8669993877410889, 0.510993242263794, 0.9219906330108643, 0.7656011581420898, 0.8478200435638428, 0.896000862121582, 0.5440490245819092, 0.5824244022369385, 0.8303866386413574, 0.049195289611816406, 0.02211785316467285, 0.02237701416015625, 0.5505139827728271, -0.000560760498046875, 0.9412283897399902, 0.9423723220825195, 0.9425294399261475, 0.6996684074401855, 0.5769674777984619, 0.7039122581481934, 0.4481518268585205, 0.7144789695739746, 0.866436243057251, 0.916344404220581, 0.8999438285827637, 0.8506245613098145, 0.30358290672302246, 0.937281608581543, 0.9388713836669922, 0.6963250637054443, 0.9296021461486816, 0.7489488124847412, 0.5607893466949463, 0.9158968925476074, 0.8998203277587891, 0.6341648101806641, 0.7314493656158447, 0.9332966804504395, 0.8667623996734619, 0.09953570365905762, 0.8158659934997559, 0.012984037399291992, 0.7629129886627197, 0.7663626670837402, 0.8639307022094727, 0.7156081199645996, 0.9310703277587891, 0.5506405830383301, 0.8980176448822021, 0.9355885982513428, 0.767348051071167, 0.8104152679443359, 0.13330936431884766, 0.7300958633422852, 0.7314243316650391, 0.5984458923339844, 0.43136143684387207, 0.6345694065093994, 0.7824182510375977, 0.9428482055664062, 0.4660499095916748, 0.5321595668792725, 0.5482914447784424]"
4,0.88,1,128.6732177734375,90.00000000000003,183,50,"[0.49879002571105957, 0.7155213356018066, 0.8930535316467285, 0.9284248352050781, 0.8661186695098877, 0.6005070209503174, 0.8990893363952637, 0.6859540939331055, 0.648442268371582, 0.8857686519622803, 0.8838479518890381, 0.5143194198608398, 0.45890069007873535, 0.43247151374816895, 0.4627258777618408, 0.6488888263702393, 0.8325262069702148, 0.035538434982299805, 0.8118388652801514, 0.847522497177124, 0.8994858264923096, 0.5501470565795898, 0.7456684112548828, 0.7123610973358154, 0.8994817733764648, 0.6672439575195312, 0.5109326839447021, 0.44824695587158203, 0.49831080436706543, 0.5988149642944336, 0.7825591564178467, 0.7446498870849609, 0.9453039169311523, 0.6282682418823242, 0.5653176307678223, 0.7992541790008545, 0.8952248096466064, 0.6322791576385498, 0.7823193073272705, 0.7659463882446289, 0.6489830017089844, 0.7156281471252441, 0.5337717533111572, 0.5484962463378906, 0.5490713119506836, 0.8337163925170898, 0.8610222339630127, 0.6823217868804932, 0.8649935722351074, 0.43288683891296387, 0.5614705085754395, 0.8982553482055664, 0.6550850868225098, 0.7823200225830078, 0.748455286026001, 0.7993910312652588, 0.8803963661193848, 0.8834340572357178, 0.7441921234130859, 0.7311611175537109, 0.7830018997192383, 0.8808035850524902, 0.43334388732910156, 0.8873031139373779, 0.6672356128692627, 0.648876428604126, 0.7658445835113525, 0.8960390090942383, 0.7983291149139404, 0.5001912117004395, 0.8995616436004639, 0.03274226188659668, 0.8156993389129639, 0.00013566017150878906, 0.661736011505127, 0.6648991107940674, 0.9133322238922119, 0.4326493740081787, 0.6150493621826172, 0.9004621505737305, 0.9013800621032715, 0.4302337169647217, 0.6468555927276611, 0.6163394451141357, 0.8954887390136719, 0.9024569988250732, 0.7832129001617432, 0.496854305267334, 0.9024076461791992, 0.8991711139678955, 0.5496907234191895, 0.4645235538482666, 0.8832054138183594, 0.5498199462890625, 0.6321656703948975, 0.6255218982696533, 0.6657006740570068, 0.016142606735229492, 0.9026937484741211, 0.9042890071868896, 0.9044640064239502, 0.6002373695373535, 0.900160551071167, 0.4324643611907959, 0.699260950088501, 0.8990476131439209, 0.4508662223815918, 0.899097204208374, 0.4817543029785156, 0.9028234481811523, 0.7775142192840576, 0.44958996772766113, 0.39542651176452637, 0.4485630989074707, 0.3126847743988037, 0.8833906650543213, 0.9013385772705078, 0.5340917110443115, 0.5799591541290283, 0.7970044612884521, 0.8835148811340332, 0.5167465209960938, 0.582099199295044, 0.7617344856262207, 0.7654590606689453, 0.6846816539764404, 0.5328583717346191, 0.39468908309936523, 0.3986473083496094, 0.19918537139892578, 0.5780184268951416, 0.19138479232788086, 0.5810015201568604, 0.5843393802642822, 0.7286777496337891, 0.6138989925384521, 0.8990180492401123, 0.482450008392334, 0.48242640495300293, 0.6320202350616455, 0.916696310043335, 0.5141549110412598, 0.7999100685119629, 0.1660771369934082, 0.36618566513061523, 0.0680382251739502, 0.03764605522155762, 0.8842830657958984, 0.885162353515625, 0.8853368759155273, 0.7941994667053223, 0.5598771572113037, 0.49866390228271484, 0.5822391510009766, 0.7814443111419678, 0.5455672740936279, 0.8120312690734863, 0.8972249031066895, 0.9015090465545654, 0.900460958480835, 0.8999042510986328, 0.4826645851135254, 0.7306506633758545, 0.6815593242645264, 0.6470859050750732, 0.5256137847900391, 0.6987242698669434, 0.7936639785766602, 0.7525498867034912, 0.548048734664917, 0.6609954833984375, 0.6487607955932617, 0.2833836078643799, 0.5274286270141602, 0.8661239147186279, 0.8669984340667725, 0.8955371379852295, 0.9009394645690918, 0.5829246044158936, 0.6816937923431396, 0.8613178730010986]"
4,0.49,1,148.60902738571167,90.00000000000003,294,203,"[0.5184595584869385, 0.34656810760498047, 0.5195655822753906, 0.5198779106140137, 0.5173788070678711, 0.5200741291046143, 0.4957273006439209, 0.5150868892669678, 0.5164649486541748, 0.5165214538574219, 0.5315933227539062, 0.4836716651916504, 0.5121192932128906, 0.49704885482788086, 0.5168395042419434, 0.4999403953552246, 0.11608171463012695, 0.21666979789733887, 0.49475717544555664, 0.19495034217834473, 0.2965543270111084, 0.24864721298217773, 0.24970602989196777, 0.5154838562011719, 0.5384385585784912, 0.5199463367462158, 0.5183348655700684, 0.5551111698150635, 0.016752004623413086, 0.5184929370880127, 0.5931277275085449, 0.5128929615020752, 0.5167534351348877, 0.5179488658905029, 0.5170607566833496, 0.5191125869750977, 0.5168712139129639, 0.4995284080505371, 0.498781681060791, 0.5119032859802246, 0.3165252208709717, 0.2940247058868408, 0.2964904308319092, 0.44110560417175293, 0.16444897651672363, 0.4649546146392822, 0.44965195655822754, 0.5153341293334961, 0.16623163223266602, 0.48160576820373535, 0.5752930641174316, 0.46590280532836914, 0.49425244331359863, 0.4992351531982422, 0.5294601917266846, 0.5186316967010498, 0.517242431640625, 0.217024564743042, 0.38156652450561523, 0.5177206993103027, 0.4669802188873291, 0.2923851013183594, 0.14406323432922363, 0.5333850383758545, 0.5645577907562256, 0.5114376544952393, 0.5171434879302979, 0.5183534622192383, 0.5177180767059326, 0.499129056930542, 0.5008037090301514, 0.5453448295593262, 0.5164222717285156, 0.46667909622192383, 0.4997427463531494, 0.16628313064575195, 0.5130751132965088, 0.5190887451171875, 0.33086633682250977, 0.511892557144165, 0.04869961738586426, 0.5114147663116455, 0.520482063293457, 0.5207993984222412, 0.43270373344421387, 0.49917101860046387, 0.5168006420135498, 0.5166130065917969, 0.4833838939666748, 0.5114691257476807, 0.5249662399291992, 0.5172252655029297, 0.5000579357147217, 0.5330970287322998, 0.5180785655975342, 0.5427596569061279, 0.5412302017211914, 0.590355634689331, 0.47648191452026367, 0.26225733757019043, 0.23135590553283691, 0.5152702331542969, 0.5165297985076904, 0.5163216590881348, 0.41634607315063477, 0.515601396560669, 0.5193097591400146, 0.06635451316833496, 0.4967477321624756, 0.49743103981018066, 0.4664278030395508, 0.34381651878356934, 0.4970555305480957, 0.4998779296875, 0.5178449153900146, 0.0331265926361084, 0.28255438804626465, 0.3406352996826172, 0.49193263053894043, 0.5148618221282959, 0.4005870819091797, 0.2987380027770996, 0.3291912078857422, 0.5161054134368896, 0.5164291858673096, 0.39949989318847656, 0.050646305084228516, 0.03222203254699707, 0.03439474105834961, 0.5215692520141602, 0.5453877449035645, 0.5094594955444336, 0.031716108322143555, 0.5405542850494385, 0.540879487991333, 0.516348123550415, 0.5163352489471436, 0.5167427062988281, 0.30031275749206543, 0.51397705078125, 0.6003708839416504, 0.5179767608642578, 0.5202319622039795, 0.5202207565307617, 0.5186052322387695, 0.5486540794372559, 0.5203690528869629, 0.4989309310913086, 0.43238258361816406, 0.5722701549530029, 0.511995792388916, 0.5548174381256104, 0.5235090255737305, 0.4667510986328125, 0.515683650970459, 0.4997882843017578, 0.4164595603942871, 0.5138490200042725, 0.5204923152923584, 0.5213866233825684, 0.5435643196105957, 0.5283441543579102, 0.5173220634460449, 0.4661238193511963, 0.5598495006561279, 0.5007667541503906, 0.41629838943481445, 0.06589365005493164, 0.5108129978179932, 0.5215845108032227, 0.5180034637451172, 0.5211522579193115, 0.5160138607025146, 0.5242090225219727, 0.5557191371917725, 0.5564253330230713, 0.5177226066589355, 0.5166347026824951, 0.5182511806488037, 0.5176169872283936, 0.4990220069885254, 0.39994359016418457, 0.5150582790374756, 0.035164594650268555, 0.5300450325012207, 0.5303118228912354, 0.5176477432250977, 0.4500250816345215, 0.4980597496032715, 0.5166001319885254, 0.4943501949310303, 0.03417253494262695, 0.017317533493041992, 0.017548799514770508, 0.21647214889526367, 0.21766185760498047, 0.5006437301635742, 0.5016233921051025, 0.3999471664428711, 0.42138075828552246, 0.4958491325378418, 0.502814769744873, 0.5006515979766846, 0.5188045501708984, 0.5392484664916992, 0.5189030170440674, 0.5158514976501465, 0.5245237350463867, 0.4498426914215088, 0.5030086040496826, 0.06565594673156738, 0.03669309616088867, 0.2424635887145996, 0.16637635231018066, 0.17696571350097656, 0.18268465995788574, 0.4400050640106201, 0.4852914810180664, 0.4859127998352051, 0.5133302211761475, 0.514503002166748, 0.49892568588256836, 0.43291330337524414, 0.16554856300354004, 0.37880897521972656, 0.5156657695770264, 0.5164730548858643, 0.5191631317138672, 0.5307493209838867, 0.5003201961517334, 0.5171048641204834, 0.5187854766845703, 0.5255031585693359, 0.49945688247680664, 0.1322169303894043, 0.5153422355651855, 0.5168006420135498, 0.5173680782318115, 0.13293981552124023, 0.4812343120574951, 0.01575779914855957, 0.5539090633392334, 0.03212094306945801, 0.5260591506958008, 0.5995945930480957, 0.5156376361846924, 0.49970555305480957, 0.40037012100219727, 0.01635122299194336, 0.5279984474182129, 0.5283584594726562, 0.4667952060699463, 0.5133886337280273, 0.43210458755493164, 0.5156736373901367, 0.5165808200836182, 0.3535802364349365, 0.5119578838348389, 0.5155093669891357, 0.49980974197387695, 0.4322209358215332, 0.43321990966796875, 0.4672055244445801, 0.42043375968933105, 0.513463020324707, 0.48276376724243164, 0.5166127681732178, 0.5306553840637207, 0.5159206390380859, 0.5161333084106445, 0.5168125629425049, 0.517711877822876, 0.514843225479126, 0.43265533447265625, 0.09942841529846191, 0.19886088371276855, 0.20043277740478516, 0.5172116756439209, 0.04947614669799805, 0.4971954822540283, 0.5146667957305908, 0.5384008884429932, 0.5107922554016113, 0.5160782337188721, 0.5286650657653809, 0.5183544158935547, 0.5185351371765137, 0.5169022083282471, 0.5559191703796387, 0.5180923938751221, 0.5177619457244873, 0.49692845344543457]"
4,0.79,1,126.8070216178894,90.00000000000003,203,62,"[0.532202959060669, 0.8167767524719238, 0.6312079429626465, 0.7286744117736816, 0.6753382682800293, 0.49182796478271484, 0.6028199195861816, 0.24941706657409668, 0.6622374057769775, 0.5126409530639648, 0.3177342414855957, 0.4894542694091797, 0.8152077198028564, 0.8163447380065918, 0.5504462718963623, 0.42925524711608887, 0.5156223773956299, 0.6641678810119629, 0.8153893947601318, 0.7000641822814941, 0.6315569877624512, 0.5319335460662842, 0.44898343086242676, 0.7987518310546875, 0.8156614303588867, 0.7339363098144531, 0.8158206939697266, 0.4500141143798828, 0.813539981842041, 0.5841102600097656, 0.5453383922576904, 0.6658556461334229, 0.7484967708587646, 0.7157585620880127, 0.8159141540527344, 0.48279786109924316, 0.4317166805267334, 0.5979921817779541, 0.8163342475891113, 0.11635279655456543, 0.8384954929351807, 0.049736738204956055, 0.5317118167877197, 0.5503804683685303, 0.6129801273345947, 0.6651501655578613, 0.7656924724578857, 0.49785375595092773, 0.6974096298217773, 0.4001622200012207, 0.06491589546203613, 0.3307826519012451, 0.732475757598877, 0.7345337867736816, 0.6124591827392578, 0.8364026546478271, 0.583296537399292, 0.29749035835266113, 0.7132980823516846, 0.22916078567504883, 0.4094393253326416, 0.05263018608093262, 0.8072893619537354, 0.8085231781005859, 0.8177139759063721, 0.5160684585571289, 0.7618417739868164, 0.5127995014190674, 0.5979382991790771, 0.47808218002319336, 0.5314414501190186, 0.818354606628418, 0.8185474872589111, 0.3153352737426758, 0.6134762763977051, 0.6315789222717285, 0.464738130569458, 0.7944223880767822, 0.5676443576812744, 0.8116824626922607, 0.683668851852417, 0.33240461349487305, 0.06488823890686035, 0.6321561336517334, 0.6505718231201172, 0.797957181930542, 0.6665465831756592, 0.6319162845611572, 0.29994988441467285, 0.7942712306976318, 0.796973466873169, 0.7971270084381104, 0.7987051010131836, 0.79945969581604, 0.45026564598083496, 0.8187975883483887, 0.46494483947753906, 0.8169665336608887, 0.5324506759643555, 0.8142664432525635, 0.5329246520996094, 0.01821160316467285, 0.5164322853088379, 0.027282238006591797, 0.21475744247436523, 0.5146877765655518, 0.516685962677002, 0.2460923194885254, 0.644207239151001, 0.6619713306427002, 0.7490105628967285, 0.5970742702484131, 0.6474413871765137, 0.8161277770996094, 0.594083309173584, 0.5042037963867188, 0.6773171424865723, 0.797764778137207, 0.8803038597106934, 0.21488261222839355, 0.7132036685943604, 0.7442808151245117, 0.00037360191345214844, 0.023334503173828125, 0.5577802658081055, 0.5592334270477295, 0.412459135055542, 0.5495266914367676, 0.8130977153778076, 0.47521162033081055, 0.8125054836273193, 0.44908690452575684, 0.6641454696655273, 0.5774111747741699, 0.6985509395599365, 0.33153796195983887, 0.3817484378814697, 0.8143577575683594, 0.36684679985046387, 0.22945904731750488, 0.478898286819458, 0.04508852958679199, 0.8103797435760498, 0.8118445873260498, 0.800102710723877, 0.517498254776001, 0.8132543563842773, 0.4668393135070801, 0.780735969543457, 0.7313859462738037, 0.4490673542022705, 0.7461445331573486, 0.41600728034973145, 0.4907419681549072, 0.8114175796508789, 0.8140275478363037, 0.41627001762390137, 0.8135216236114502, 0.7999560832977295, 0.5481925010681152, 0.8130619525909424, 0.5505454540252686, 0.6851096153259277, 0.8083701133728027, 0.8205447196960449, 0.58858323097229, 0.36653566360473633, 0.5146970748901367, 0.2755396366119385, 0.31359171867370605, 0.49850010871887207, 0.4994010925292969, 0.5154507160186768, 0.7497560977935791, 0.662682294845581, 0.6422693729400635, 0.696324348449707, 0.8149864673614502, 0.581925630569458, 0.5502357482910156, 0.49889254570007324, 0.8161356449127197, 0.8380119800567627, 0.18339085578918457, 0.5988669395446777, 0.6009283065795898, 0.750157356262207, 0.6113173961639404, 0.5647275447845459, 0.11556339263916016, 0.7156717777252197, 0.00017452239990234375, 0.8156530857086182, 0.8205182552337646, 0.5339491367340088, 0.8083999156951904, 0.5502779483795166, 0.46593165397644043, 0.19976472854614258]"
5,0.45,1,211.16803455352783,90.00000000000003,517,300,"[0.09964537620544434, 0.4791717529296875, 0.2500424385070801, 0.031951904296875, 0.08142638206481934, 0.016315937042236328, 0.1160585880279541, 0.19853472709655762, 0.2169790267944336, 0.482072114944458, 0.490769624710083, 0.4535346031188965, 0.4551980495452881, 0.01635146141052246, 0.03428840637207031, 0.03870582580566406, 0.5402791500091553, 0.5405330657958984, 0.4489879608154297, 0.03224444389343262, 0.4815835952758789, 0.13268661499023438, 0.46454691886901855, 0.4956479072570801, 0.4839329719543457, 0.49515247344970703, 0.21513605117797852, 0.2665133476257324, 0.47354650497436523, 0.30017948150634766, 0.03099370002746582, 0.030262231826782227, 0.397907018661499, 0.4834458827972412, 0.48406004905700684, 0.484527587890625, 0.4841732978820801, 0.49718713760375977, 0.4502146244049072, 0.4821341037750244, 0.4333367347717285, 0.015900611877441406, 0.049802541732788086, -0.0003712177276611328, 0.14875197410583496, 0.19966483116149902, 0.20386099815368652, 0.34533166885375977, 0.19518780708312988, 0.48279643058776855, 0.5012614727020264, 0.479295015335083, 0.5258023738861084, 0.3163797855377197, 0.48268818855285645, 0.46722412109375, 0.48285746574401855, -0.0006704330444335938, 0.034102439880371094, 0.035558223724365234, 0.03390908241271973, 0.0355377197265625, -0.0004100799560546875, 0.019881248474121094, 0.11580967903137207, 0.11757564544677734, 0.4470546245574951, 0.050476789474487305, 0.08587527275085449, 0.08844542503356934, 0.460437536239624, 0.13228750228881836, 0.5204117298126221, 0.03478741645812988, 0.03513622283935547, 0.02713155746459961, 0.3328380584716797, 0.35208702087402344, 0.3526875972747803, 0.129805326461792, 0.48319458961486816, 0.4336411952972412, 0.5083074569702148, 0.5422394275665283, 0.32795166969299316, 0.24897122383117676, 0.2922945022583008, 0.24284577369689941, 0.06469321250915527, 0.10073471069335938, 0.49304676055908203, 0.5243799686431885, 0.03590989112854004, 0.11521315574645996, 0.15393280982971191, 0.1492750644683838, 0.11118245124816895, 0.13570165634155273, 0.4774155616760254, 0.017143726348876953, 0.00014543533325195312, 0.11927247047424316, 0.04580831527709961, 0.04746508598327637, 0.05048012733459473, 0.0726308822631836, 0.1930081844329834, 0.3099987506866455, 0.4140806198120117, 0.434222936630249, 0.09397339820861816, 0.26677894592285156, 0.31951069831848145, 0.3670048713684082, 0.541823148727417, 0.2089085578918457, 0.37667298316955566, 0.37772703170776367, 0.49036669731140137, 0.5219831466674805, 0.4969756603240967, 0.4825170040130615, 0.4363429546356201, 0.04961991310119629, 0.4799818992614746, 0.21656084060668945, 0.482724666595459, 0.49651670455932617, 0.48401856422424316, 0.48694920539855957, 0.4832613468170166, 0.03312420845031738, 0.040610313415527344, 0.041348934173583984, 0.49898338317871094, 0.23281145095825195, 0.48996543884277344, 0.4154977798461914, 0.33279967308044434, 0.22173714637756348, -0.0003764629364013672, 0.46468520164489746, 0.3971843719482422, 0.3989865779876709, 0.11419868469238281, 0.46435976028442383, 0.16907405853271484, 0.4788799285888672, 0.5056004524230957, 0.4854090213775635, 0.4822347164154053, 0.46805596351623535, 0.48369288444519043, 0.4501016139984131, 0.47971439361572266, 0.5133156776428223, 0.48358798027038574, 0.2827184200286865, 0.44441843032836914, 0.4671134948730469, 0.46861767768859863, 0.48012661933898926, 0.4810059070587158, 0.4843101501464844, 0.46680521965026855, 0.4843151569366455, 0.5286533832550049, 0.4837777614593506, 0.4825890064239502, 0.4850006103515625, 0.48497939109802246, 0.488783597946167, 0.38211703300476074, 0.49189209938049316, 0.48803257942199707, 0.06723952293395996, 0.48371410369873047, 0.4944882392883301, 0.4985818862915039, 0.48267102241516113, 0.449615478515625, 0.4533061981201172, 0.480560302734375, 0.48122334480285645, 0.48304128646850586, 0.5057833194732666, 0.4839818477630615, 0.4664604663848877, 0.46679067611694336, 0.5130834579467773, 0.5276010036468506, 0.4833998680114746, 0.01668548583984375, 0.04938626289367676, 0.05571269989013672, 0.5156095027923584, 0.5158374309539795, 0.24863266944885254, 0.28237104415893555, 0.19119596481323242, 0.19892549514770508, 0.02863144874572754, 0.04667925834655762, 0.456775426864624, 0.4843907356262207, 0.4925384521484375, 0.4927663803100586, 0.4832475185394287, 0.4821341037750244, 0.4836456775665283, 0.482954740524292, 0.41834497451782227, 0.06595516204833984, 0.49924182891845703, 0.03300952911376953, 0.031502723693847656, 0.03269481658935547, 0.5235381126403809, 0.4284789562225342, 0.4649384021759033, 0.09331488609313965, 0.4822216033935547, 0.4845764636993408, 0.3984682559967041, 0.48377370834350586, 0.485762357711792, 0.4801666736602783, 0.19626522064208984, 0.4660615921020508, 0.29427075386047363, 0.48134756088256836, 0.08281493186950684, 0.5243995189666748, 0.03163290023803711, 0.028217554092407227, 0.028440475463867188, 0.016889095306396484, 0.020448923110961914, 0.01711869239807129, 0.018107175827026367, 0.032654523849487305, 0.037528038024902344, 0.5217514038085938, 0.03724169731140137, 0.03251957893371582, 0.03388667106628418, 0.5730235576629639, 0.5732409954071045, 0.4767649173736572, 0.48339152336120605, 0.5171012878417969, 0.3845958709716797, 0.14875364303588867, 0.013417720794677734, 0.03205251693725586, 0.04791378974914551, 0.049664974212646484, 0.23206639289855957, 0.2335209846496582, 0.23371076583862305, 0.33046984672546387, 0.33355021476745605, 0.39891815185546875, 0.514641284942627, 0.5458099842071533, 0.48204803466796875, 0.4899437427520752, 0.4324209690093994, 0.4865148067474365, 0.4489328861236572, 0.4839808940887451, 0.483548641204834, 0.099517822265625, 0.2991158962249756, 0.00870966911315918, 0.24865055084228516, 0.3802335262298584, 0.38106775283813477, 0.41503047943115234, 0.44876551628112793, 0.12671613693237305, 0.08233332633972168, 0.042536258697509766, 0.04387664794921875, 0.0176846981048584, 0.0630652904510498, 0.06340551376342773, 0.1490483283996582, 0.1506350040435791, 0.1514110565185547, 0.4781506061553955, 0.48810482025146484, 0.46071481704711914, 0.5526771545410156, 0.48190784454345703, 0.4876127243041992, 0.015504837036132812, 0.034696340560913086, 0.06971240043640137, 0.017156362533569336, 0.031433820724487305, 0.2022244930267334, 0.00011420249938964844, 0.4668567180633545, 0.4849686622619629, 0.48517346382141113, 0.49196791648864746, 0.313305139541626, 0.13038873672485352, 0.46431636810302734, 0.19952702522277832, 0.3339872360229492, 0.21327519416809082, 0.2912311553955078, 0.47783923149108887, 0.48076748847961426, 0.48261117935180664, 0.4831728935241699, 0.4849274158477783, 0.10093212127685547, 0.47451257705688477, 0.04943442344665527, 0.21538639068603516, 0.00016188621520996094, 0.47606515884399414, 0.19829583168029785, 0.19939970970153809, 0.509232759475708, 0.5414049625396729, 0.5034441947937012, 0.45073556900024414, 0.3995399475097656, 0.3227107524871826, 0.15510773658752441, 0.477813720703125, 0.5231726169586182, 0.4719529151916504, 0.03234148025512695, 0.051415205001831055, 0.05264997482299805, 0.03218388557434082, 0.06728076934814453, 0.4917025566101074, 0.5236003398895264, 0.5108351707458496, 0.03278517723083496, 0.4815483093261719, 0.14920735359191895, 0.4325065612792969, 0.2980966567993164, 0.34964895248413086, 0.5021371841430664, 0.19791722297668457, 0.48381710052490234, 0.49291276931762695, 0.4663736820220947, 0.4544837474822998, 0.46666669845581055, 0.01609182357788086, 0.06613874435424805, -0.0025522708892822266, 0.47830915451049805, 0.48363280296325684, 0.4849271774291992, 0.48845481872558594, 0.49306225776672363, 0.4822230339050293, 0.4498274326324463, 0.49413275718688965, 0.4850912094116211, 0.46633410453796387, 0.43253517150878906, 0.13113856315612793, 0.45951294898986816, 0.34497857093811035, 0.34697532653808594, 0.19933414459228516, 0.48284125328063965, 0.5482151508331299, 0.5222139358520508, 0.031045913696289062, 0.06455492973327637, 0.5284173488616943, 0.051132917404174805, 0.0664055347442627, 0.08498072624206543, 0.5195138454437256, 0.5199160575866699, 0.4840238094329834, 0.48531532287597656, 0.5293352603912354, 0.5083839893341064, 0.48285651206970215, 0.4668755531311035, 0.4662599563598633, 0.46605348587036133, 0.24959540367126465, 0.38344836235046387, 0.3872673511505127, 0.3588573932647705, 0.4824225902557373, 0.016492605209350586, 0.019362926483154297, 0.04938912391662598, 0.051023006439208984, 0.015412330627441406, 0.03836250305175781, 0.18117284774780273, 0.20415759086608887, 0.20572924613952637, 0.4757707118988037, 0.08294486999511719, 0.4970080852508545, 0.4972703456878662, 0.5170154571533203, 0.01641678810119629, 0.06591510772705078, 0.04804539680480957, 0.032715559005737305, 0.029314279556274414, 0.036951541900634766, 0.4834275245666504, 0.484968900680542, 0.48563718795776367, 0.4858076572418213, 0.504962682723999, 0.048845529556274414, 0.41628193855285645, 0.0646209716796875, 0.48435544967651367, 0.4053010940551758, 0.4398014545440674, 0.47194981575012207, 0.024036884307861328, 0.16671466827392578, 0.2163858413696289, 0.39716053009033203, 0.4876596927642822, 0.5189781188964844, 0.4332244396209717, 0.0013566017150878906, 0.08528685569763184, 0.0863504409790039, 0.47949790954589844, 0.5119590759277344, 0.47617363929748535, 0.48566269874572754, 0.4801654815673828, 0.5210840702056885, 0.48340392112731934, 0.18358492851257324, 0.033181190490722656, 0.03445076942443848, 0.49599719047546387, 0.49854588508605957, 0.4660317897796631, 0.48601841926574707, 0.48062777519226074, 0.48534250259399414, 0.48380446434020996, 0.017211198806762695, 0.033945322036743164, 0.034173011779785156, 0.07773280143737793, 0.09530305862426758, 0.5231773853302002, 0.5234725475311279, 0.4848651885986328, 0.48116588592529297, 0.46628260612487793, 0.4812123775482178, 0.43303942680358887, 0.21992039680480957, 0.31481409072875977, 0.31781649589538574, 0.46383142471313477, 0.4674501419067383, 0.46442437171936035, 0.49607372283935547, 0.49703097343444824, 0.4862091541290283, 0.4823911190032959, 0.11633419990539551, 0.46312689781188965, 0.4895775318145752, 0.4837775230407715, 0.4858529567718506, 0.5587723255157471, 0.48369264602661133, 0.4487340450286865, 0.4613018035888672, 0.46377062797546387, 0.56430983543396, 0.2660534381866455, 0.11579561233520508, 0.36531972885131836, 0.4495058059692383, 0.4861011505126953, 0.48630452156066895, 0.4864182472229004, 0.48987340927124023, 0.48540520668029785, 0.46530961990356445, 0.46634936332702637, 0.4690053462982178, 0.2663917541503906, 0.5047976970672607, 0.5373573303222656, 0.48154687881469727, 0.5119333267211914, 0.4831547737121582, 0.48415470123291016, 0.492276668548584, 0.24996638298034668]"
5,0.83,1,192.0500271320343,90.00000000000003,269,120,"[0.5819392204284668, 0.4657294750213623, 0.6772780418395996, 0.7841176986694336, 0.709275484085083, 0.8582909107208252, 0.4499967098236084, 0.8512144088745117, 0.668292760848999, 0.6935694217681885, 0.6951742172241211, 0.574124813079834, 0.6137547492980957, 0.8326947689056396, 0.49895453453063965, 0.6240072250366211, 0.6959617137908936, 0.665090799331665, 0.6580910682678223, 0.8480784893035889, 0.650266170501709, 0.2662022113800049, 0.8667294979095459, 0.8678619861602783, 0.5337469577789307, 0.6299617290496826, 0.8312792778015137, 0.8346316814422607, 0.5830519199371338, 0.615720272064209, 0.8320415019989014, 0.7668404579162598, 0.7320013046264648, 0.6989059448242188, 0.8478071689605713, 0.36592912673950195, 0.8484795093536377, 0.8526449203491211, 0.4661216735839844, 0.8452885150909424, 0.6539492607116699, 0.5766406059265137, 0.6324090957641602, 0.5449240207672119, 0.6794257164001465, 0.6157259941101074, 0.8637778759002686, 0.6522760391235352, 0.8740260601043701, 0.14870238304138184, 0.8502407073974609, 0.1158902645111084, 0.7986013889312744, 0.8162569999694824, 0.8404481410980225, 0.7483911514282227, 0.6809155941009521, 0.6828513145446777, 0.8504745960235596, 0.8175389766693115, 0.8605172634124756, 0.0546565055847168, 0.6310398578643799, 0.6317963600158691, 0.07320833206176758, 0.69146728515625, 0.0002243518829345703, 0.5697636604309082, 0.014800071716308594, 0.581057071685791, 0.029088497161865234, 0.8339238166809082, 0.8697659969329834, 0.466782808303833, 0.5130038261413574, 0.4928572177886963, 0.718867301940918, 0.5776610374450684, 0.6787388324737549, 0.8475320339202881, 0.5643439292907715, 0.9322223663330078, 0.8290460109710693, 0.6623566150665283, 0.4876401424407959, 0.4624197483062744, 0.5077154636383057, 0.5162248611450195, 0.6591076850891113, 0.683354377746582, 0.8316662311553955, 0.8502609729766846, 0.733036994934082, 0.850426197052002, 0.8338489532470703, 0.7360036373138428, 0.16689848899841309, 0.632664680480957, 0.4276845455169678, 0.8480501174926758, 0.00017261505126953125, 0.8470466136932373, 0.8667452335357666, 0.7332627773284912, 0.5051274299621582, 0.6146223545074463, 0.8493132591247559, 0.6999037265777588, 0.14796090126037598, 0.3504140377044678, 0.07336759567260742, 0.8481752872467041, 0.5496034622192383, 0.5709834098815918, 0.5712223052978516, 0.8620545864105225, 0.7503366470336914, 0.8491520881652832, 0.8518857955932617, 0.8521630764007568, 0.8516678810119629, 0.6001236438751221, 0.8490769863128662, 0.8504321575164795, 0.8506367206573486, 0.8504111766815186, 0.8508033752441406, 0.48607325553894043, 0.8467273712158203, 0.8527207374572754, 0.6174278259277344, 0.06534385681152344, 0.8318729400634766, 0.8352689743041992, 0.8611772060394287, 0.8728072643280029, 0.850717306137085, 0.3157773017883301, 0.46329307556152344, 0.43819761276245117, 0.325376033782959, 0.463362455368042, 0.47768449783325195, 0.8339993953704834, 0.8507733345031738, 0.680325984954834, 0.8489618301391602, 0.5011401176452637, 0.8582174777984619, 0.8525962829589844, 0.7000467777252197, 0.8609960079193115, 0.49927425384521484, 0.5324735641479492, 0.8495395183563232, 0.7997119426727295, 0.8508963584899902, 0.8505632877349854, 0.8510377407073975, 0.7666671276092529, 0.8167691230773926, 0.8350300788879395, 0.41661906242370605, 0.8507180213928223, 0.8635740280151367, 0.8504705429077148, 0.8016736507415771, 0.8317623138427734, 0.8507206439971924, 0.5339179039001465, 0.852747917175293, 0.6828455924987793, 0.858649492263794, 0.5164394378662109, 0.182952880859375, 0.8816354274749756, 0.35349273681640625, 0.8618032932281494, 0.8625409603118896, 0.8510036468505859, 0.8169617652893066, 0.8549847602844238, 0.5679097175598145, 0.8488776683807373, 0.8546724319458008, 0.8533217906951904, 0.8522284030914307, 0.5334091186523438, 0.8490097522735596, 0.5338029861450195, 0.18383431434631348, 0.8478415012359619, 0.8500936031341553, 0.8505313396453857, 0.5341062545776367, 0.8486251831054688, 0.8510770797729492, 0.5342590808868408, 0.8503954410552979, 0.850130558013916, 0.3500685691833496, 0.649055004119873, 0.3492543697357178, 0.5151653289794922, 0.46274685859680176, 0.3137938976287842, 0.832378625869751, 0.8520593643188477, 0.8372416496276855, 0.8508152961730957, 0.8510539531707764, 0.8504395484924316, 0.6665756702423096, 0.8493428230285645, 0.5884277820587158, 0.86236572265625, 0.34967947006225586, 0.6146492958068848, 0.4987506866455078, 0.5793635845184326, -0.00033974647521972656, 0.08263206481933594, 0.11768364906311035, 0.8628213405609131, 0.8632957935333252, 0.8634500503540039, 0.8507213592529297, 0.8524034023284912, 0.7408795356750488, 0.850024938583374, 0.4830019474029541, 0.7967910766601562, 0.8227365016937256, 0.5276069641113281, 0.8634767532348633, 0.6330997943878174, 0.6630415916442871, 0.8493225574493408, 0.8509368896484375, 0.85133957862854, 0.7348756790161133, 0.7978544235229492, 0.5332279205322266, 0.8496589660644531, 0.3502819538116455, 0.26227235794067383, 0.40113186836242676, 0.7247278690338135, 0.04973769187927246, 0.84281325340271, 0.8647880554199219, 0.5831899642944336, 0.8496472835540771, 0.8503236770629883, 0.8315081596374512, 0.8504648208618164, 0.8382925987243652, 0.8514378070831299, 0.337324857711792, 0.37663745880126953, 0.4517250061035156, 0.4993281364440918, 0.8326518535614014, 0.8503425121307373, 0.5173163414001465, 0.8521213531494141, 0.7190790176391602]"
5,0.83,1,188.34349918365479,90.00000000000003,277,109,"[0.6631503105163574, 0.863771915435791, 0.8499541282653809, 0.8500967025756836, 0.8512845039367676, 0.550567626953125, 0.8470838069915771, 0.6835708618164062, 0.8487591743469238, 0.8512024879455566, 0.5502119064331055, 0.6487622261047363, 0.5973541736602783, 0.5774543285369873, 0.8623940944671631, 0.08279681205749512, 0.7334651947021484, 0.7339797019958496, 0.8316376209259033, 0.8325347900390625, 0.8508319854736328, 0.4328134059906006, 0.8466315269470215, 0.8004717826843262, 0.6133296489715576, 0.6853334903717041, 0.7791733741760254, 0.5610859394073486, 0.8636648654937744, 0.08756637573242188, 0.572052001953125, 0.015276670455932617, 0.851337194442749, 0.8639512062072754, 0.6003103256225586, 0.8481597900390625, 0.5177524089813232, 0.7622866630554199, 0.8311419486999512, 0.5483646392822266, 0.49909043312072754, 0.4994392395019531, 0.46502208709716797, 0.7728090286254883, 0.1666426658630371, 0.8510589599609375, 0.01673126220703125, 0.8480584621429443, 0.8488254547119141, 0.783405065536499, 0.7947213649749756, 0.8641757965087891, 0.6675896644592285, 0.5630311965942383, 0.6236584186553955, 0.678626298904419, 0.8485298156738281, 0.7167966365814209, 0.08291220664978027, 0.8518064022064209, 0.8608946800231934, 0.8611788749694824, 0.8504230976104736, 0.650810956954956, 0.7776949405670166, 0.548043966293335, 0.8353939056396484, 0.7997982501983643, 0.8632631301879883, 0.5161597728729248, 0.7500927448272705, 0.14983034133911133, 0.8468632698059082, -0.0004932880401611328, 0.8321244716644287, 0.8506946563720703, 0.7831630706787109, 0.7773096561431885, 0.8494534492492676, 0.5354676246643066, 0.5131559371948242, 0.8492448329925537, 0.6502711772918701, 0.8477926254272461, 0.44908785820007324, 0.850414514541626, 0.8518545627593994, 0.851571798324585, 0.6500775814056396, 0.6485462188720703, 0.8505110740661621, 0.863286018371582, 0.5169129371643066, 0.8452978134155273, 0.7453393936157227, 0.8154871463775635, 0.6006579399108887, 0.5124232769012451, 0.08196330070495605, 0.08246397972106934, 0.014606237411499023, 0.8487575054168701, 0.18190360069274902, 7.772445678710938e-05, 0.6585323810577393, 0.09403371810913086, 0.03267216682434082, 0.5131144523620605, 0.31800103187561035, -0.0004017353057861328, 0.8489818572998047, 0.850008487701416, 0.8517370223999023, 0.8506724834442139, 0.8511002063751221, 0.5694015026092529, 0.8480818271636963, 0.8504343032836914, 0.1708984375, 0.9357755184173584, 0.9360663890838623, 0.8156609535217285, 0.49989962577819824, 0.5149641036987305, 0.6642165184020996, 0.8557848930358887, 0.7837064266204834, 0.8491904735565186, 0.6626284122467041, 0.7659239768981934, 0.6471273899078369, 0.015682697296142578, 0.6437902450561523, -0.0006570816040039062, 0.832139253616333, 0.8504717350006104, 0.8506424427032471, 0.6168379783630371, 0.6477277278900146, 0.7632632255554199, 0.7162179946899414, 0.6304194927215576, 0.864382266998291, 0.11568307876586914, 0.8486189842224121, 0.850264310836792, 0.9006521701812744, 0.06559920310974121, 0.7194654941558838, 0.293790340423584, 0.5490858554840088, 0.5694019794464111, 0.8455801010131836, 0.8616275787353516, 0.6333279609680176, 0.8489086627960205, 0.7322647571563721, 0.8628828525543213, 0.6325907707214355, 0.8465571403503418, 0.8508195877075195, 0.8538806438446045, 0.04940986633300781, 0.7321877479553223, 0.7329514026641846, 0.8152179718017578, 0.6326391696929932, 0.6491327285766602, 0.558699369430542, 0.7622401714324951, 0.8601877689361572, 0.583695650100708, 0.5784456729888916, 0.6619150638580322, 0.11636781692504883, 0.050734758377075195, 0.027881145477294922, 0.05205512046813965, 0.05956077575683594, 0.017783641815185547, 0.8461706638336182, 0.8655860424041748, 0.8657872676849365, 0.8659391403198242, 0.6338403224945068, 0.8495309352874756, 0.600750207901001, 0.6626691818237305, 0.8492748737335205, 0.666954755783081, 0.8459162712097168, 0.6661496162414551, 0.7162907123565674, 0.4135146141052246, 0.5657682418823242, 0.5667476654052734, 0.832040548324585, 0.7042057514190674, 0.7891514301300049, 0.5100538730621338, 0.46625423431396484, 0.8627161979675293, 0.832275390625, 0.6829724311828613, 0.6295254230499268, 0.8318967819213867, 0.8516771793365479, 0.2673220634460449, 0.5307803153991699, 0.36249685287475586, 0.19921398162841797, 0.5117146968841553, 0.5140445232391357, 0.5474245548248291, 0.6279337406158447, 0.8318748474121094, 0.4992654323577881, 0.5986318588256836, 0.7846653461456299, 0.7119734287261963, 0.5765078067779541, 0.7654950618743896, 0.4835479259490967, 0.6119270324707031, 0.2621579170227051, 0.4058349132537842, 0.5476586818695068, 0.014533758163452148, 0.8628058433532715, 0.8642938137054443, 0.649848461151123, 0.6819291114807129, 0.8497319221496582, 0.5333821773529053, 0.7635314464569092, 0.5626220703125, 0.7487547397613525, 0.5576441287994385, 0.8305683135986328, 0.12235474586486816, 0.5860691070556641, 0.5883712768554688, 0.6967520713806152, 0.8477263450622559, 0.8510079383850098, 0.4827609062194824, 0.8502376079559326, 0.8340909481048584, 0.5629482269287109, 0.6823782920837402, 0.6324691772460938, 0.6811180114746094, 0.8833863735198975, 0.07940268516540527, 0.8392398357391357, 0.8588545322418213, 0.8582758903503418, 0.48325133323669434, 0.48662495613098145, 0.5574414730072021, 0.8070657253265381, 0.8317244052886963, 0.8633348941802979, 0.4823329448699951, 0.8613183498382568, 0.6855697631835938, 0.03264212608337402, 0.8460114002227783, 0.8612520694732666, 0.4799368381500244, 0.8633589744567871, 0.8509900569915771, 0.8507897853851318, 0.516646146774292, 0.8319005966186523]"
